model,accuracy,precision,recall,f1,roc_auc,cv_auc
Random Forest,0.8259067357512954,0.8891752577319587,0.8937823834196891,0.8914728682170543,0.8902856452522215,0.8856436550455324
SVM (RBF kernel),0.8196891191709844,0.8903394255874674,0.883419689119171,0.8868660598179454,0.8818894466965556,0.8822788730964588
Logistic Regression,0.8155440414507772,0.8759493670886076,0.8963730569948186,0.8860435339308579,0.8911245939488309,0.897899178452704
