RF_mean,RF_std,XGB_mean,XGB_std,t_stat,p_value,wilcoxon_stat,wilcoxon_p
0.7973239875497671,0.01039136041535537,0.3937182227248785,0.10013936027381207,20.594228826853687,7.414035659793905e-19,0.0,1.862645149230957e-09
